study,progress_monitoring_method,focal_behavior_outcome,ne,nc,cohens_d_pm,cohens_d_ga,cohens_d_pm_clean,cohens_d_ga_clean
Abrahams et al. (2010),Diary,Prophylaxis use,125,128,.27*ᵃ,.15c,0.27,0.15
Anderson et al. (2011),Diary,Weight,18,13,4.31***b,3.21***d,4.31,3.21
Andrews et al. (2011),Pedometer,BG,240,246,4.11***b,-.02de,4.11,-0.02
Antypas & Wangberg (2014),Website,PA,27,37,.17ᵃ,.84*c,0.17,0.84
Arbour & Martin Ginis (2008),Log book,PA,25,17,.10a,.50de,0.1,0.5
Aronson (2006),Diary,Medication adherence,19,19,-.61ª,.11°,-0.61,0.11
Atienza et al. (2008),PDA,Diet,16,11,2.95***b,.51d,2.95,0.51
Beasley et al. (2008),Diary,Weight,71,78,.00a,.25d,0,0.25
Bell et al. (2012),Log/diary,BG,31,33,-.36ᵃ,.32d,-0.36,0.32
Berg et al. (1997),Diary,Asthma,31,24,4.32****,.12de,4.32,0.12
Blasco et al. (2012),Internet,CAD,87,83,4.07***b,.09d,4.07,0.09
Abraira et al. (1995),SMBG,BG,75,78,2.41****,.47**°,2.41,0.47
Boutelle et al. (1999),Diary,Weight,26,31,.47a,1.64*,0.47,1.64
Brindal et al. (2013),Phone,Weight,21,23,.95***,.37de,0.95,0.37
Buist et al. (2006),Diary,Asthma,149,147,.00a,.16de,0,0.16
Caldwell et al. (2005),Diary,Heart failure,20,16,.62a,1.01**de,0.62,1.01
Carli et al. (2008),UV meter,Sun protection,46,40,3.39***b,-.51*c,3.39,-0.51
Carter et al. (2013) Comp. 1',Phone,"Weight, diet, PA",40,20,.94***,.30d,0.94,0.3
Carter et al. (2013) Comp. 2',Phone,"Weight, diet, PA",27,20,.14a,-.33d,0.14,-0.33
Chambliss et al. (2011),PDA,Weight,34,33,"-.59""ᵃ",-.08°,-0.59,-0.08
Chao (2010),Step log,PA,20,20,3.52***b,.27d,3.52,0.27
Chau et al. (2012),PDA,COPD,22,18,3.64***b,-.05d,3.64,-0.05
Acharya et al. (2011),PDA,Weight,129,62,.66***a,.12de,0.66,0.12
Cho et al. (2006),SMBG,BG,35,36,0.5,.82**de,0.5,0.82
Clarke et al. (2009),Website,Depression,58,58,2.58***b,0.81,2.58,0.81
Coughlin et al. (2013) Comp. 1k,Diary,Diet,292,144,.26***,.13d,0.26,0.13
Coughlin et al. (2013) Comp. 2',Diary,Diet,301,144,.38****,.27**d1,0.38,0.27
Cussler et al. (2008),Website,"Weight, diet, PA",38,40,4.17***b,.01°,4.17,0.01
D'Eram (1987) Comp. 1m,SMBG,Weight,15,6,.42a,.54de,0.42,0.54
D'Eramo (1987) Comp. 2n,SMBG,Weight,19,6,.51a,.53de,0.51,0.53
De Blok et al. (2006),Diary,PA,8,8,4.61***b,1.50**de,4.61,1.5
De Cocker et al. (2008),Pedometer,PA,51,52,.38a,-.11de,0.38,-0.11
De Cocker et al. (2012),Diary,PA,32,37,-.19ᵃ,.51d,-0.19,0.51
Akers et al. (2012),Tracking sheets,"Weight, diet",18,21,-.13***ᵃ,-.02ᵈ,-0.13,-0.02
Dennis et al. (2012),Website,"Weight, diet, PA",18,21,3.39***b,-.06de,3.39,-0.06
Dennison et al. (2014) Comp. 1°,Website,"Weight, diet, PA",247,138,2.35***b,.91***d,2.35,0.91
Dennison et al. (2014) Comp. 2P,Website,"Weight, diet, PA",264,138,2.09***b,.77**d,2.09,0.77
DeWalt et al. (2006),Diary,Healthcare use,52,59,1.22****,-.19°,1.22,-0.19
Domingo et al. (2011),Website/television,Healthcare use,44,42,3.48***b,-.11°,3.48,-0.11
Duran et al. (2010),SMBG,BG,99,62,2.28****,2.70***de,2.28,2.7
Farmer et al. (2007) Comp. 19,SMBP,BG,150,76,3.31***b,.16dq,3.31,0.16
Farmer et al. (2007) Comp. 2,SMBP,BG,151,76,2.97***b,.20dr,2.97,0.2
Gajecki et al. (2014),Phone,Alcohol,341,489,3.50***b,#NAME?,3.5,NA
Gokee LaRose et al. (2010),Diary,Weight,21,23,.96***b,-1.22**d,0.96,-1.22
Allen et al. (2013) Comp. 1f,Phone,Weight,11,4,2.76***b,.45d,2.76,0.45
Gokee LaRose et al. (2009),Digital scales,Weight,20,17,1.12****,.10d,1.12,0.1
Gold et al. (2007),Website,Diet,51,50,.58****,.46*d,0.58,0.46
Goto et al. (2014),Phone,"PA, blood coagulation",16,16,4.11***b,.05de,4.11,0.05
Goulis et al. (2004),Phone,"Weight, BP, Physiol.",45,77,3.08***b,.57**de,3.08,0.57
Haapala et al. (2009),Phone,"Weight, diet, PA",45,40,2.43***b,.42de,2.43,0.42
Haddock et al. (2014),Website,"Weight, diet, PA",229,253,.91****,25**d,0.91,0.25
Hannum et al. (2004),Diary,"Weight, diet",26,27,.16a,.38d,0.16,0.38
Hellerstedt & Jeffrey (1997) Comp. 1s,Phone,Weight,20,11,4.32***b,-1.48**d,4.32,-1.48
Hellerstedt & Jeffrey (1997) Comp. 2t,Phone,"Diet, PA",17,11,3.70***b,.83d,3.7,0.83
Helsel et al. (2007),Diary,Weight,21,21,.23a,.07d,0.23,0.07
Allen et al. (2013) Comp. 2g,Phone,Weight,10,4,2.71**b,.42d,2.71,0.42
Homko et al. (2012),Website/phone,BG,40,40,.04a,.21°,0.04,0.21
Allen et al. (2013) Comp. 3h,Phone,Weight,10,4,2.02**b,-.10ᵈ,2.02,-0.1
Amsberg et al. (2009),Blood sugar,BG,36,38,.70***,.47°,0.7,0.47
An et al. (2006),Website,Smoking,257,260,10.72***b,.45***c,10.72,0.45
Hurling et al. (2007),Website,"Weight, PA",47,30,3.71***,2.86***d,3.71,2.86
King et al. (2008),PDA,PA,19,18,3.34***b,.71*c,3.34,0.71
Kirwan et al. (2013),Diary,Diabetes,32,36,.43ᵃ,3.78***d,0.43,3.78
Kobulnicky (2002),Diary,Effects of chemotherapy,42,29,3.95***b,.05d,3.95,0.05
Kraschnewski et al. (2011),Website,"Weight, diet, PA",43,45,2.16***b,.28d,2.16,0.28
Kristal et al. (2000),Diary,Diet,601,604,2.87***b,21***d,2.87,0.21
Kroenke et al. (2010),Phone,Depression,202,203,4.50***b,.54***de,4.5,0.54
Kwon et al. (2004),SMBG,BG,51,50,5.23****,.89***de,5.23,0.89
Ligibel et al. (2012),Diary,PA,48,51,2.80***b,.18d,2.8,0.18
Linde & Jeffrey (2011),Diary,"Weight, diet, PA",22,26,1.16****,.20d,1.16,0.2
Logan et al. (2012),SMBP,BP,55,55,3.26***b,.38d,3.26,0.38
Hyman et al. (1998),Diary,Cholesterol,65,58,3.44***b,.10d,3.44,0.1
Maljanian et al. (2005),Diary,Diabetes,181,162,.13a,.15de,0.13,0.15
Marquez-Contreras et al. (2006),MEMS,BP,100,100,1.11****,.24de,1.11,0.24
Maruyama et al. (2010),Website,PA,48,39,.61***,.44*c,0.61,0.44
McKinstry et al. (2013),PDA,BP,182,177,4.17***b,.41***d,4.17,0.41
McManus et al. (2010),SMBP,BP,234,246,3.49***b,3.80***d,3.49,3.8
"McMurdo et al. (2010) Comp. 1""",Diary,PA,60,33,4.61***b,1.32***d,4.61,1.32
"McMurdo et al. (2010) Comp. 2""",Diary,PA,53,33,4.50***b,3.31***d,4.5,3.31
Mehos et al. (2000),SMBP,BP,18,18,4.00***b,.56d,4,0.56
Moreland et al. (2006) Comp. 1w,SMBG,BG,50,49,.44*a,.14d,0.44,0.14
Moreland et al. (2006) Comp. 2*,SMBG,BG,50,49,-.07a,.07d,-0.07,0.07
Janson et al. (2003),Diary,Asthma,31,27,-.09ᵃ,.72**de,-0.09,0.72
Morgan et al. (2009),Website,"Weight, PA",24,31,.51b,1.21***d,0.51,1.21
Muchmore et al. (1994),SMBG,BG,12,11,3.61***b,1.86,3.61,1.86
Nanchahal et al. (2009),Pedometer,Weight,48,55,3.24***b,.07d,3.24,0.07
Nguyen et al. (2009),Phone,PA,9,8,".68""",-.54de,0.68,-0.54
O'Kane et al. (2008),SMBG,BG,96,88,3.68***b,.09de,3.68,0.09
Ornes (2006),Diary,PA,30,29,3.41***b,.73**de,3.41,0.73
Orsama et al. (2013),PDA,Blood glucose,24,24,3.02***b,.47d,3.02,0.47
Oshima et al. (2013),PDA,Weight,28,28,1.51****,.30de,1.51,0.3
Pellegrini et al. (2012),Website,"Weight, diet, PA",17,13,.29a,.13d,0.29,0.13
Petersen et al. (2012),Pedometer,PA,192,173,3.87***b,.07d,3.87,0.07
Janson et al. (2009),Diaries,Asthma,45,39,.17ᵃ,.12d,0.17,0.12
Petrella et al. (2014),Phone,PA,67,60,3.37***b,-.04de,3.37,-0.04
Phelan et al. (2014),Phone,"Weight, diet, PA",128,133,.28*a,.16d,0.28,0.16
Piette et al. (2011),Diary,Physical activity,145,146,-.47****,.40**de,-0.47,0.4
Polonsky et al. (2011),SMBG,BG,188,187,-.37****,.33**d,-0.37,0.33
Polzien et al. (2007),Diary,"Weight, diet, PA",16,16,.58a,.07d,0.58,0.07
Proudfoot et al. (2013),Website,Depression,126,185,1.14***b,24*de,1.14,0.24
Quinn et al. (2008),Log Book,Diabetes,13,13,4.26****,.72°,4.26,0.72
Ralston et al. (2014),Diary/Survey,BP,186,197,.29***,.29**d,0.29,0.29
Raynor et al. (2012),Diary,Weight,94,96,.00a,.42**°,0,0.42
Richardson et al. (2010),Website,PA,254,70,.44***,.16d,0.44,0.16
Jefferson (2005),Diary,"Mood, weight",21,29,3.82***b,-.09de,3.82,-0.09
Rosal et al. (2011),SMBG,BG,124,128,.58****,.19d,0.58,0.19
Rosal et al. (2005),SMBG,BG,15,10,.81a,1.04*d,0.81,1.04
Rote (2013),Website,PA,27,26,.41a,1.34***de,0.41,1.34
Runyan et al. (2013),Phone,Time management,41,20,2.70***b,.68*c,2.7,0.68
Samuel-Hodge et al. (2009),Diary,Weight,64,62,3.64***b,.38*d,3.64,0.38
Sengpiel et al. (2010),PDA,Lung function,28,28,.30a,.23c,0.3,0.23
Seto et al. (2012),Phone,Heart function,44,50,3.82***b,.05de,3.82,0.05
Shapiro et al. (2012),Phone,"Weight, PA",64,79,3.17***b,.19d,3.17,0.19
Sheldon (1996),Diary,Diet,8,6,1.55*a,.45de,1.55,0.45
Sherwood et al. (2013),Diary/Survey,Weight,178,186,.45****,.16d,0.45,0.16
Jennings et al. (2014),Website,PA,77,77,3.79***b,.06de,3.79,0.06
Smith et al. (1997),Diary,"Weight, diet, BG",6,10,1.29*a,.65d,1.29,0.65
Spence et al. (2009),Log sheets,Physical activity,16,16,3.52***b,1.07**de,3.52,1.07
Steinberg et al. (2013),Phone,"Weight, diet, PA",45,44,3.82****,1.60***d,3.82,1.6
Suffoletto et al. (2012),Phone,Antibiotic adherence,72,72,3.31***b,.27c,3.31,0.27
Suffoletto et al. (2013),Phone,Symptom assessment,14,22,4.06***b,.38d,4.06,0.38
Jurgens et al. (2013),Diary,Heart failure,48,51,.77****,.13c,0.77,0.13
Kempf et al. (2013),Diary,Diabetes,62,60,2.75***b,.43*de,2.75,0.43
Kim et al. (2012),Website,"Weight, BG",19,23,3.73***b,.29d,3.73,0.29
Webber et al. (2008),Diary,Weight,33,33,.03a,.31d,0.03,0.31
Wing et al. (2006) Comp. 1y,Phone,Weight,103,49,3.82***b,.37d,3.82,0.37
Wing et al. (2006) Comp. 2,Website,Weight,100,49,3.75***b,.04d,3.75,0.04
Wing et al. (2010),Website,Weight,74,76,.16a,.61d,0.16,0.61
Wing et al. (1996) Study 1,Diary,Weight,23,27,3.51***b,.44*d,3.51,0.44
"Young, Medic, & Starkes (2009)",Swim log,PA,15,11,-.71ᵃ,1.00***de,-0.71,1
Sugden et al. (2008),Diary,PA,27,18,.88***,-.04d,0.88,-0.04
Talbot et al. (2003),Pedometer,PA,17,17,3.55***b,.29de,3.55,0.29
Tan et al. (2011),SMBG,BG,82,82,14.46****,.49**°,14.46,0.49
Tate et al. (2001),Website,Weight,33,32,1.09****,.65**d,1.09,0.65
Thorndike et al. (2012),Website,Weight,145,130,3.36***b,.16d,3.36,0.16
Turner-McGrievy & Tate (2011),Phone,Weight,42,45,.22a,.05d,0.22,0.05
Van der Meer et al. (2009),Website,Asthma,91,92,2.46***b,3.80***d,2.46,3.8
Wang et al. (2012),PDA,Weight,59,60,.29a,.46*ᵈ,0.29,0.46
